{
  "path": "mod_natura/barley_plant.json",
  "enabled": true,
  "id": "barley_plant",
  "plant_name": "Barley",
  "seed_name": "Barley Seeds",
  "seed_items": [
    {
      "item": "natura:overworld_seeds",
      "meta": 0,
      "tags": "",
      "ignoreMeta": false,
      "ignoreTags": [
        "*"
      ],
      "useOreDict": false
    }
  ],
  "description": {
    "translations": {},
    "default": "Testing 1, 2, 3."
  },
  "growth_chance": 1.0,
  "growth_bonus": 0.025,
  "bonemeal": true,
  "tier": 1,
  "weedable": false,
  "aggressive": false,
  "spread_chance": 0.1,
  "spawn_chance": 0.0,
  "grass_drop_chance": 0.0,
  "products": {
    "products": [
      {
        "min": 1,
        "max": 3,
        "chance": 0.95,
        "required": true,
        "item": "natura:materials",
        "meta": 0,
        "tags": "",
        "ignoreMeta": false,
        "ignoreTags": [],
        "useOreDict": false
      }
    ]
  },
  "requirement": {
    "min_light": 10,
    "max_light": 16,
    "soils": [
      "farmland_soil"
    ],
    "bases": [],
    "nearby": {}
  },
  "texture": {
    "render_type": "hash",
    "seed_texture": "natura:items/seeds/barley_seeds",
    "plant_textures": [
      "natura:blocks/crops/barley/barley_stage_0",
      "natura:blocks/crops/barley/barley_stage_0",
      "natura:blocks/crops/barley/barley_stage_1",
      "natura:blocks/crops/barley/barley_stage_1",
      "natura:blocks/crops/barley/barley_stage_2",
      "natura:blocks/crops/barley/barley_stage_2",
      "natura:blocks/crops/barley/barley_stage_3",
      "natura:blocks/crops/barley/barley_stage_3"
    ]
  }
}
